2021,June,1,10:00 AM,21S_CST8276_013 Lab (King)
2021,June,7,1:30 PM,21S_CST8277_303 Enterprise Application Programming - Lab
2021,June,8,10:00 AM,21S_CST8276_013 Lab (King)
2021,June,14,1:30 PM,21S_CST8277_303 Enterprise Application Programming - Lab
2021,June,15,10:00 AM,21S_CST8276_013 Lab (King)
2021,June,21,1:30 PM,21S_CST8277_303 Enterprise Application Programming - Lab
2021,June,22,10:00 AM,21S_CST8276_013 Lab (King)
2021,June,28,1:30 PM,21S_CST8277_303 Enterprise Application Programming - Lab
2021,July,5,1:30 PM,21S_CST8277_303 Enterprise Application Programming - Lab
2021,July,6,10:00 AM,21S_CST8276_013 Lab (King)
2021,July,12,1:30 PM,21S_CST8277_303 Enterprise Application Programming - Lab
2021,July,13,10:00 AM,21S_CST8276_013 Lab (King)
2021,July,19,1:30 PM,21S_CST8277_303 Enterprise Application Programming - Lab
2021,July,20,10:00 AM,21S_CST8276_013 Lab (King)
2021,July,26,1:30 PM,21S_CST8277_303 Enterprise Application Programming - Lab
2021,July,27,10:00 AM,21S_CST8276_013 Lab (King)
2021,August,2,1:30 PM,21S_CST8277_303 Enterprise Application Programming - Lab
2021,August,3,10:00 AM,21S_CST8276_013 Lab (King)
2021,August,9,1:30 PM,21S_CST8277_303 Enterprise Application Programming - Lab
2021,August,10,10:00 AM,21S_CST8276_013 Lab (King)
