2021,June,2,9:00 AM,21S_CST8334_300 Software Development Project
2021,June,2,11:00 AM,21S_CST8277_300 Enterprise Application Programming - Lecture/Theory
2021,June,3,1:00 PM,21S_CST8276_010 Theory (King)
2021,June,9,9:00 AM,21S_CST8334_300 Software Development Project
2021,June,9,11:00 AM,21S_CST8277_300 Enterprise Application Programming - Lecture/Theory
2021,June,10,1:00 PM,21S_CST8276_010 Theory (King)
2021,June,16,9:00 AM,21S_CST8334_300 Software Development Project
2021,June,16,11:00 AM,21S_CST8277_300 Enterprise Application Programming - Lecture/Theory
2021,June,17,1:00 PM,21S_CST8276_010 Theory (King)
2021,June,23,9:00 AM,21S_CST8334_300 Software Development Project
2021,June,23,11:00 AM,21S_CST8277_300 Enterprise Application Programming - Lecture/Theory
2021,June,24,1:00 PM,21S_CST8276_010 Theory (King)
2021,June,30,11:00 AM,21S_CST8277_300 Enterprise Application Programming - Lecture/Theory
2021,July,7,9:00 AM,21S_CST8334_300 Software Development Project
2021,July,7,11:00 AM,21S_CST8277_300 Enterprise Application Programming - Lecture/Theory
2021,July,8,1:00 PM,21S_CST8276_010 Theory (King)
2021,July,14,9:00 AM,21S_CST8334_300 Software Development Project
2021,July,14,11:00 AM,21S_CST8277_300 Enterprise Application Programming - Lecture/Theory
2021,July,15,1:00 PM,21S_CST8276_010 Theory (King)
2021,July,21,9:00 AM,21S_CST8334_300 Software Development Project
2021,July,21,11:00 AM,21S_CST8277_300 Enterprise Application Programming - Lecture/Theory
2021,July,22,1:00 PM,21S_CST8276_010 Theory (King)
2021,July,28,9:00 AM,21S_CST8334_300 Software Development Project
2021,July,28,11:00 AM,21S_CST8277_300 Enterprise Application Programming - Lecture/Theory
2021,July,29,1:00 PM,21S_CST8276_010 Theory (King)
2021,August,4,9:00 AM,21S_CST8334_300 Software Development Project
2021,August,4,11:00 AM,21S_CST8277_300 Enterprise Application Programming - Lecture/Theory
2021,August,5,1:00 PM,21S_CST8276_010 Theory (King)
2021,August,11,9:00 AM,21S_CST8334_300 Software Development Project
2021,August,11,11:00 AM,21S_CST8277_300 Enterprise Application Programming - Lecture/Theory
2021,August,12,1:00 PM,21S_CST8276_010 Theory (King)
